{
    "pearson": 0.09314574534816306,
    "spearman": 0.06618290058699862
}